PCA,PCTw,PCTn
AB,Aberdeen,Aberdeen
AB,Aberlour,Aberlour
AB,Aboyne,Aboyne
AB,Alford (Aberdeenshire),Alford (AB)
AB,Ballater,Ballater
AB,Ballindalloch,Ballindalloch
AB,Banchory,Banchory
AB,Banff,Banff
AB,Buckie,Buckie
AB,Ellon,Ellon
AB,Fraserburgh,Fraserburgh
AB,Huntly,Huntly
AB,Insch,Insch
AB,Inverurie,Inverurie
AB,Keith,Keith
AB,Laurencekirk,Laurencekirk
AB,Macduff,Macduff
AB,Milltimber,Milltimber
AB,Peterculter,Peterculter
AB,Peterhead,Peterhead
AB,Stonehaven,Stonehaven
AB,Strathdon,Strathdon
AB,Turriff,Turriff
AB,Westhill,Westhill
AL,Harpenden,Harpenden
AL,Hatfield,Hatfield
AL,St. Albans,St. Albans
AL,Welwyn,Welwyn
AL,Welwyn Garden City,Welwyn Garden City
B,Alcester,Alcester
B,Birmingham,Birmingham
B,Bromsgrove,Bromsgrove
B,Cradley Heath,Cradley Heath
B,Halesowen,Halesowen
B,Henley-in-Arden,Henley-In-Arden
B,Oldbury,Oldbury
B,Redditch,Redditch
B,Rowley Regis,Rowley Regis
B,Smethwick,Smethwick
B,Solihull,Solihull
B,Studley,Studley
B,Sutton Coldfield,Sutton Coldfield
B,Tamworth,Tamworth
B,West Bromwich,West Bromwich
BA,Bath (Somerset),Bath (BA)
BA,Bradford-On-Avon (Wiltshire),Bradford-On-Avon (BA)
BA,Bruton,Bruton
BA,Castle Cary,Castle Cary
BA,Frome,Frome
BA,Glastonbury,Glastonbury
BA,Radstock,Radstock
BA,Shepton Mallet,Shepton Mallet
BA,Street,Street
BA,Templecombe,Templecombe
BA,Trowbridge,Trowbridge
BA,Warminster,Warminster
BA,Wells,Wells
BA,Westbury,Westbury
BA,Wincanton,Wincanton
BA,Yeovil,Yeovil
BB,Accrington,Accrington
BB,Barnoldswick,Barnoldswick
BB,Blackburn,Blackburn
BB,Burnley,Burnley
BB,Clitheroe,Clitheroe
BB,Colne,Colne
BB,Darwen,Darwen
BB,Nelson,Nelson
BB,Rossendale,Rossendale
BD,Bingley,Bingley
BD,Bradford (West Yorkshire),Bradford (BD)
BD,Cleckheaton,Cleckheaton
BD,Keighley,Keighley
BD,Settle,Settle
BD,Shipley,Shipley
BD,Skipton,Skipton
BH,Bournemouth,Bournemouth
BH,Broadstone,Broadstone
BH,Christchurch,Christchurch
BH,Ferndown,Ferndown
BH,New Milton,New Milton
BH,Poole,Poole
BH,Ringwood,Ringwood
BH,Swanage,Swanage
BH,Verwood,Verwood
BH,Wareham,Wareham
BH,Wimborne,Wimborne
BL,Bolton,Bolton
BL,Bury,Bury
BN,Arundel,Arundel
BN,Brighton,Brighton
BN,Eastbourne,Eastbourne
BN,Hailsham,Hailsham
BN,Hassocks,Hassocks
BN,Henfield,Henfield
BN,Hove,Hove
BN,Lancing,Lancing
BN,Lewes,Lewes
BN,Littlehampton,Littlehampton
BN,Newhaven,Newhaven
BN,Peacehaven,Peacehaven
BN,Pevensey,Pevensey
BN,Polegate,Polegate
BN,Seaford,Seaford
BN,Shoreham-by-Sea,Shoreham-By-Sea
BN,Steyning,Steyning
BN,Worthing,Worthing
BR,Beckenham,Beckenham
BR,Bromley,Bromley
BR,Chislehurst,Chislehurst
BR,Keston,Keston
BR,Orpington,Orpington
BR,Swanley,Swanley
BR,West Wickham,West Wickham
BS,Axbridge,Axbridge
BS,Banwell,Banwell
BS,Bristol,Bristol
BS,Cheddar,Cheddar
BS,Clevedon,Clevedon
BS,Wedmore,Wedmore
BS,Weston-super-Mare,Weston-Super-Mare
BS,Winscombe,Winscombe
BT,Antrim,Antrim
BT,Armagh,Armagh
BT,Augher,Augher
BT,Aughnacloy,Aughnacloy
BT,Ballycastle,Ballycastle
BT,Ballyclare,Ballyclare
BT,Ballymena,Ballymena
BT,Ballymoney,Ballymoney
BT,Ballynahinch,Ballynahinch
BT,Banbridge,Banbridge
BT,Bangor (County Down),Bangor (BT)
BT,Belfast,Belfast
BT,Bushmills,Bushmills
BT,Caledon,Caledon
BT,Carrickfergus,Carrickfergus
BT,Castlederg,Castlederg
BT,Castlewellan,Castlewellan
BT,Clogher,Clogher
BT,Coleraine,Coleraine
BT,Cookstown,Cookstown
BT,Craigavon,Craigavon
BT,Crumlin,Crumlin
BT,Donaghadee,Donaghadee
BT,Downpatrick,Downpatrick
BT,Dromore,Dromore
BT,Dungannon,Dungannon
BT,Enniskillen,Enniskillen
BT,Fivemiletown,Fivemiletown
BT,Hillsborough,Hillsborough
BT,Holywood,Holywood
BT,Larne,Larne
BT,Limavady,Limavady
BT,Lisburn,Lisburn
BT,Londonderry,Londonderry
BT,Maghera,Maghera
BT,Magherafelt,Magherafelt
BT,Newcastle (County Down),Newcastle (BT)
BT,Newry,Newry
BT,Newtownabbey,Newtownabbey
BT,Newtownards,Newtownards
BT,Omagh,Omagh
BT,Portrush,Portrush
BT,Portstewart,Portstewart
BT,Strabane,Strabane
CA,Alston,Alston
CA,Appleby-in-Westmorland,Appleby-In-Westmorland
CA,Beckermet,Beckermet
CA,Brampton,Brampton
CA,Carlisle,Carlisle
CA,Cleator,Cleator
CA,Cleator Moor,Cleator Moor
CA,Cockermouth,Cockermouth
CA,Egremont,Egremont
CA,Frizington,Frizington
CA,Holmrook,Holmrook
CA,Keswick,Keswick
CA,Kirkby Stephen,Kirkby Stephen
CA,Maryport,Maryport
CA,Moor Row,Moor Row
CA,Penrith,Penrith
CA,Ravenglass,Ravenglass
CA,Seascale,Seascale
CA,St. Bees,St. Bees
CA,Whitehaven,Whitehaven
CA,Wigton,Wigton
CA,Workington,Workington
CB,Cambridge,Cambridge
CB,Ely,Ely
CB,Haverhill,Haverhill
CB,Newmarket,Newmarket
CB,Saffron Walden,Saffron Walden
CF,Aberdare,Aberdare
CF,Bargoed,Bargoed
CF,Barry,Barry
CF,Bridgend,Bridgend
CF,Caerphilly,Caerphilly
CF,Cardiff,Cardiff
CF,Cowbridge,Cowbridge
CF,Dinas Powys,Dinas Powys
CF,Ferndale,Ferndale
CF,Hengoed,Hengoed
CF,Llantwit Major,Llantwit Major
CF,Maesteg,Maesteg
CF,Merthyr Tydfil,Merthyr Tydfil
CF,Mountain Ash,Mountain Ash
CF,Penarth,Penarth
CF,Pentre,Pentre
CF,Pontyclun,Pontyclun
CF,Pontypridd,Pontypridd
CF,Porth,Porth
CF,Porthcawl,Porthcawl
CF,Tonypandy,Tonypandy
CF,Treharris,Treharris
CF,Treorchy,Treorchy
CH,Bagillt,Bagillt
CH,Birkenhead,Birkenhead
CH,Buckley,Buckley
CH,Chester,Chester
CH,Deeside,Deeside
CH,Ellesmere Port (Cheshire),Ellesmere Port (CH)
CH,Flint,Flint
CH,Holywell,Holywell
CH,Mold,Mold
CH,Neston,Neston
CH,Prenton,Prenton
CH,Wallasey,Wallasey
CH,Wirral,Wirral
CM,Billericay,Billericay
CM,Bishop's Stortford,Bishop's Stortford
CM,Braintree,Braintree
CM,Brentwood,Brentwood
CM,Burnham-On-Crouch (Essex),Burnham-On-Crouch (CM)
CM,Chelmsford,Chelmsford
CM,Dunmow,Dunmow
CM,Epping,Epping
CM,Harlow,Harlow
CM,Ingatestone,Ingatestone
CM,Maldon,Maldon
CM,Ongar,Ongar
CM,Sawbridgeworth,Sawbridgeworth
CM,Southminster,Southminster
CM,Stansted,Stansted
CM,Witham,Witham
CO,Bures,Bures
CO,Clacton-on-Sea,Clacton-On-Sea
CO,Colchester,Colchester
CO,Frinton-on-Sea,Frinton-On-Sea
CO,Halstead,Halstead
CO,Harwich,Harwich
CO,Manningtree,Manningtree
CO,Sudbury,Sudbury
CO,Walton On The Naze (Essex),Walton On The Naze (CO)
CR,Caterham,Caterham
CR,Coulsdon,Coulsdon
CR,Croydon,Croydon
CR,Kenley,Kenley
CR,Mitcham,Mitcham
CR,Purley,Purley
CR,South Croydon,South Croydon
CR,Thornton Heath,Thornton Heath
CR,Warlingham,Warlingham
CR,Whyteleafe,Whyteleafe
CT,Birchington,Birchington
CT,Broadstairs,Broadstairs
CT,Canterbury,Canterbury
CT,Deal,Deal
CT,Dover,Dover
CT,Folkestone,Folkestone
CT,Herne Bay,Herne Bay
CT,Hythe,Hythe
CT,Margate,Margate
CT,Ramsgate,Ramsgate
CT,Sandwich,Sandwich
CT,Westgate-on-Sea,Westgate-On-Sea
CT,Whitstable,Whitstable
CV,Atherstone,Atherstone
CV,Bedworth,Bedworth
CV,Coventry,Coventry
CV,Kenilworth,Kenilworth
CV,Leamington Spa,Leamington Spa
CV,Nuneaton,Nuneaton
CV,Rugby,Rugby
CV,Shipston-on-Stour,Shipston-On-Stour
CV,Southam,Southam
CV,Stratford-upon-Avon,Stratford-Upon-Avon
CV,Warwick,Warwick
CW,Congleton,Congleton
CW,Crewe,Crewe
CW,Middlewich,Middlewich
CW,Nantwich,Nantwich
CW,Northwich,Northwich
CW,Sandbach,Sandbach
CW,Tarporley,Tarporley
CW,Winsford,Winsford
DA,Belvedere,Belvedere
DA,Bexley,Bexley
DA,Bexleyheath,Bexleyheath
DA,Dartford,Dartford
DA,Erith,Erith
DA,Gravesend,Gravesend
DA,Greenhithe,Greenhithe
DA,Longfield,Longfield
DA,Sidcup,Sidcup
DA,Swanscombe,Swanscombe
DA,Welling,Welling
DD,Arbroath,Arbroath
DD,Brechin,Brechin
DD,Carnoustie,Carnoustie
DD,Dundee,Dundee
DD,Forfar,Forfar
DD,Kirriemuir,Kirriemuir
DD,Montrose,Montrose
DD,Newport-On-Tay (Fife),Newport-On-Tay (DD)
DD,Tayport,Tayport
DE,Alfreton,Alfreton
DE,Ashbourne,Ashbourne
DE,Bakewell,Bakewell
DE,Belper,Belper
DE,Burton-on-Trent,Burton-On-Trent
DE,Derby,Derby
DE,Heanor,Heanor
DE,Ilkeston,Ilkeston
DE,Matlock,Matlock
DE,Ripley,Ripley
DE,Swadlincote,Swadlincote
DG,Annan,Annan
DG,Canonbie,Canonbie
DG,Castle Douglas,Castle Douglas
DG,Dalbeattie,Dalbeattie
DG,Dumfries,Dumfries
DG,Gretna,Gretna
DG,Kirkcudbright,Kirkcudbright
DG,Langholm,Langholm
DG,Lockerbie,Lockerbie
DG,Moffat,Moffat
DG,Newton Stewart,Newton Stewart
DG,Sanquhar,Sanquhar
DG,Stranraer,Stranraer
DG,Thornhill,Thornhill
DH,Chester le Street,Chester Le Street
DH,Consett,Consett
DH,Durham,Durham
DH,Houghton le Spring,Houghton Le Spring
DH,Stanley,Stanley
DL,Barnard Castle,Barnard Castle
DL,Bedale,Bedale
DL,Bishop Auckland,Bishop Auckland
DL,Catterick Garrison,Catterick Garrison
DL,Crook,Crook
DL,Darlington,Darlington
DL,Ferryhill,Ferryhill
DL,Hawes,Hawes
DL,Leyburn,Leyburn
DL,Newton Aycliffe,Newton Aycliffe
DL,Northallerton,Northallerton
DL,Richmond (North Yorkshire),Richmond (DL)
DL,Shildon,Shildon
DL,Spennymoor,Spennymoor
DN,Barnetby,Barnetby
DN,Barrow-upon-Humber,Barrow-Upon-Humber
DN,Barton-upon-Humber,Barton-Upon-Humber
DN,Brigg,Brigg
DN,Cleethorpes,Cleethorpes
DN,Doncaster,Doncaster
DN,Gainsborough,Gainsborough
DN,Goole,Goole
DN,Grimsby,Grimsby
DN,Immingham,Immingham
DN,Retford,Retford
DN,Scunthorpe,Scunthorpe
DN,Ulceby,Ulceby
DT,Beaminster,Beaminster
DT,Blandford Forum,Blandford Forum
DT,Bridport,Bridport
DT,Dorchester,Dorchester
DT,Lyme Regis,Lyme Regis
DT,Portland,Portland
DT,Sherborne,Sherborne
DT,Sturminster Newton,Sturminster Newton
DT,Weymouth,Weymouth
DY,Bewdley,Bewdley
DY,Brierley Hill,Brierley Hill
DY,Dudley,Dudley
DY,Kidderminster,Kidderminster
DY,Kingswinford,Kingswinford
DY,Stourbridge,Stourbridge
DY,Stourport-on-Severn,Stourport-On-Severn
DY,Tipton,Tipton
E,London,London (E)
EC,London,London (EC)
EH,Balerno,Balerno
EH,Bathgate (West Lothian),Bathgate (EH)
EH,Bo'ness,Bo'ness
EH,Bonnyrigg,Bonnyrigg
EH,Broxburn,Broxburn
EH,Currie,Currie
EH,Dalkeith,Dalkeith
EH,Dunbar,Dunbar
EH,East Linton,East Linton
EH,Edinburgh,Edinburgh
EH,Gorebridge,Gorebridge
EH,Gullane,Gullane
EH,Haddington,Haddington
EH,Heriot,Heriot
EH,Humbie,Humbie
EH,Innerleithen,Innerleithen
EH,Juniper Green,Juniper Green
EH,Kirkliston,Kirkliston
EH,Kirknewton,Kirknewton
EH,Lasswade,Lasswade
EH,Linlithgow,Linlithgow
EH,Livingston,Livingston
EH,Loanhead,Loanhead
EH,Longniddry,Longniddry
EH,Musselburgh,Musselburgh
EH,Newbridge,Newbridge
EH,North Berwick,North Berwick
EH,Pathhead,Pathhead
EH,Peebles,Peebles
EH,Penicuik,Penicuik
EH,Prestonpans,Prestonpans
EH,Rosewell,Rosewell
EH,Roslin,Roslin
EH,South Queensferry,South Queensferry
EH,Tranent,Tranent
EH,Walkerburn,Walkerburn
EH,West Calder,West Calder
EH,West Linton,West Linton
EN,Barnet,Barnet
EN,Broxbourne,Broxbourne
EN,Enfield,Enfield
EN,Hoddesdon,Hoddesdon
EN,Potters Bar,Potters Bar
EN,Waltham Abbey,Waltham Abbey
EN,Waltham Cross,Waltham Cross
EX,Axminster,Axminster
EX,Barnstaple,Barnstaple
EX,Beaworthy,Beaworthy
EX,Bideford,Bideford
EX,Braunton,Braunton
EX,Bude,Bude
EX,Budleigh Salterton,Budleigh Salterton
EX,Chulmleigh,Chulmleigh
EX,Colyton,Colyton
EX,Crediton,Crediton
EX,Cullompton,Cullompton
EX,Dawlish,Dawlish
EX,Exeter,Exeter
EX,Exmouth,Exmouth
EX,Holsworthy,Holsworthy
EX,Honiton,Honiton
EX,Ilfracombe,Ilfracombe
EX,Lynmouth,Lynmouth
EX,Lynton,Lynton
EX,North Tawton,North Tawton
EX,Okehampton,Okehampton
EX,Ottery St. Mary,Ottery St. Mary
EX,Seaton,Seaton
EX,Sidmouth,Sidmouth
EX,South Molton,South Molton
EX,Tiverton,Tiverton
EX,Torrington,Torrington
EX,Umberleigh,Umberleigh
EX,Winkleigh,Winkleigh
EX,Woolacombe,Woolacombe
FK,Alloa,Alloa
FK,Alva,Alva
FK,Bonnybridge,Bonnybridge
FK,Callander,Callander
FK,Clackmannan,Clackmannan
FK,Crianlarich,Crianlarich
FK,Denny,Denny
FK,Dollar,Dollar
FK,Doune,Doune
FK,Dunblane,Dunblane
FK,Falkirk,Falkirk
FK,Grangemouth,Grangemouth
FK,Killin,Killin
FK,Larbert,Larbert
FK,Lochearnhead,Lochearnhead
FK,Menstrie,Menstrie
FK,Stirling,Stirling
FK,Tillicoultry,Tillicoultry
FY,Blackpool,Blackpool
FY,Fleetwood,Fleetwood
FY,Lytham St. Annes,Lytham St. Annes
FY,Poulton-le-Fylde,Poulton-Le-Fylde
FY,Thornton-Cleveleys,Thornton-Cleveleys
G,Alexandria,Alexandria
G,Arrochar,Arrochar
G,Clydebank,Clydebank
G,Dumbarton,Dumbarton
G,Glasgow,Glasgow
G,Helensburgh,Helensburgh
GL,Badminton,Badminton
GL,Berkeley,Berkeley
GL,Blakeney,Blakeney
GL,Cheltenham,Cheltenham
GL,Chipping Campden,Chipping Campden
GL,Cinderford,Cinderford
GL,Cirencester,Cirencester
GL,Coleford,Coleford
GL,Drybrook,Drybrook
GL,Dursley,Dursley
GL,Dymock,Dymock
GL,Fairford,Fairford
GL,Gloucester,Gloucester
GL,Lechlade,Lechlade
GL,Longhope,Longhope
GL,Lydbrook,Lydbrook
GL,Lydney,Lydney
GL,Mitcheldean,Mitcheldean
GL,Moreton-in-Marsh,Moreton-In-Marsh
GL,Newent,Newent
GL,Newnham,Newnham
GL,Ruardean,Ruardean
GL,Stonehouse,Stonehouse
GL,Stroud,Stroud
GL,Tetbury,Tetbury
GL,Tewkesbury,Tewkesbury
GL,Westbury-on-Severn,Westbury-On-Severn
GL,Wotton-under-Edge,Wotton-Under-Edge
GU,Aldershot,Aldershot
GU,Alton,Alton
GU,Bagshot,Bagshot
GU,Bordon,Bordon
GU,Camberley,Camberley
GU,Cranleigh,Cranleigh
GU,Farnborough,Farnborough
GU,Farnham,Farnham
GU,Fleet,Fleet
GU,Godalming,Godalming
GU,Guildford,Guildford
GU,Haslemere,Haslemere
GU,Hindhead,Hindhead
GU,Lightwater,Lightwater
GU,Liphook,Liphook
GU,Liss,Liss
GU,Midhurst,Midhurst
GU,Petersfield,Petersfield
GU,Petworth,Petworth
GU,Sandhurst,Sandhurst
GU,Virginia Water,Virginia Water
GU,Windlesham,Windlesham
GU,Woking,Woking
GU,Yateley,Yateley
HA,Edgware,Edgware
HA,Harrow,Harrow
HA,Northwood,Northwood
HA,Pinner,Pinner
HA,Ruislip,Ruislip
HA,Stanmore,Stanmore
HA,Wembley,Wembley
HD,Brighouse,Brighouse
HD,Holmfirth,Holmfirth
HD,Huddersfield,Huddersfield
HG,Harrogate,Harrogate
HG,Knaresborough,Knaresborough
HG,Ripon,Ripon
HP,Amersham,Amersham
HP,Aylesbury,Aylesbury
HP,Beaconsfield,Beaconsfield
HP,Berkhamsted,Berkhamsted
HP,Chalfont St. Giles,Chalfont St. Giles
HP,Chesham,Chesham
HP,Great Missenden,Great Missenden
HP,Hemel Hempstead,Hemel Hempstead
HP,High Wycombe,High Wycombe
HP,Princes Risborough,Princes Risborough
HP,Tring,Tring
HR,Bromyard,Bromyard
HR,Hereford,Hereford
HR,Kington,Kington
HR,Ledbury,Ledbury
HR,Leominster,Leominster
HR,Ross-on-Wye,Ross-On-Wye
HS,Isle of Barra,Isle Of Barra
HS,Isle of Benbecula,Isle Of Benbecula
HS,Isle of Harris,Isle Of Harris
HS,Isle of Lewis,Isle Of Lewis
HS,Isle of North Uist,Isle Of North Uist
HS,Isle of Scalpay,Isle Of Scalpay
HS,Isle of South Uist,Isle Of South Uist
HS,Stornoway,Stornoway
HU,Beverley,Beverley
HU,Brough,Brough
HU,Cottingham,Cottingham
HU,Hessle,Hessle
HU,Hornsea,Hornsea
HU,Hull,Hull
HU,North Ferriby,North Ferriby
HU,Withernsea,Withernsea
HX,Elland,Elland
HX,Halifax,Halifax
HX,Hebden Bridge,Hebden Bridge
HX,Sowerby Bridge,Sowerby Bridge
IG,Barking,Barking
IG,Buckhurst Hill,Buckhurst Hill
IG,Chigwell,Chigwell
IG,Ilford,Ilford
IG,Loughton,Loughton
IG,Woodford Green,Woodford Green
IP,Aldeburgh,Aldeburgh
IP,Brandon,Brandon
IP,Bury St. Edmunds,Bury St. Edmunds
IP,Diss,Diss
IP,Eye,Eye
IP,Felixstowe,Felixstowe
IP,Halesworth,Halesworth
IP,Harleston,Harleston
IP,Ipswich,Ipswich
IP,Leiston,Leiston
IP,Saxmundham,Saxmundham
IP,Southwold,Southwold
IP,Stowmarket,Stowmarket
IP,Thetford,Thetford
IP,Woodbridge,Woodbridge
IV,Achnasheen,Achnasheen
IV,Alness,Alness
IV,Ardgay,Ardgay
IV,Avoch,Avoch
IV,Beauly,Beauly
IV,Cromarty,Cromarty
IV,Dingwall,Dingwall
IV,Dornoch,Dornoch
IV,Elgin,Elgin
IV,Fochabers,Fochabers
IV,Forres,Forres
IV,Fortrose,Fortrose
IV,Gairloch,Gairloch
IV,Garve,Garve
IV,Invergordon,Invergordon
IV,Inverness,Inverness
IV,Isle of Skye,Isle Of Skye
IV,Kyle,Kyle
IV,Lairg,Lairg
IV,Lossiemouth,Lossiemouth
IV,Muir of Ord,Muir Of Ord
IV,Munlochy,Munlochy
IV,Nairn,Nairn
IV,Plockton,Plockton
IV,Portree,Portree
IV,Rogart,Rogart
IV,Strathcarron,Strathcarron
IV,Strathpeffer,Strathpeffer
IV,Strome Ferry,Strome Ferry
IV,Tain,Tain
IV,Ullapool,Ullapool
KA,Ardrossan,Ardrossan
KA,Ayr,Ayr
KA,Beith,Beith
KA,Cumnock,Cumnock
KA,Dalry,Dalry
KA,Darvel,Darvel
KA,Galston,Galston
KA,Girvan,Girvan
KA,Irvine,Irvine
KA,Isle of Arran,Isle Of Arran
KA,Isle of Cumbrae,Isle Of Cumbrae
KA,Kilbirnie,Kilbirnie
KA,Kilmarnock,Kilmarnock
KA,Kilwinning,Kilwinning
KA,Largs,Largs
KA,Mauchline,Mauchline
KA,Maybole,Maybole
KA,Newmilns,Newmilns
KA,Prestwick,Prestwick
KA,Saltcoats,Saltcoats
KA,Stevenston,Stevenston
KA,Troon,Troon
KA,West Kilbride,West Kilbride
KT,Addlestone,Addlestone
KT,Ashtead,Ashtead
KT,Chertsey,Chertsey
KT,Chessington,Chessington
KT,Cobham,Cobham
KT,East Molesey,East Molesey
KT,Epsom,Epsom
KT,Esher,Esher
KT,Kingston upon Thames,Kingston Upon Thames
KT,Leatherhead,Leatherhead
KT,New Malden,New Malden
KT,Surbiton,Surbiton
KT,Tadworth,Tadworth
KT,Thames Ditton,Thames Ditton
KT,Walton-On-Thames (Surrey),Walton-On-Thames (KT)
KT,West Byfleet,West Byfleet
KT,West Molesey,West Molesey
KT,Weybridge,Weybridge
KT,Worcester Park (Greater London),Worcester Park (KT)
KW,Berriedale,Berriedale
KW,Brora,Brora
KW,Dunbeath,Dunbeath
KW,Forsinard,Forsinard
KW,Golspie,Golspie
KW,Halkirk,Halkirk
KW,Helmsdale,Helmsdale
KW,Kinbrace,Kinbrace
KW,Kirkwall,Kirkwall
KW,Latheron,Latheron
KW,Lybster,Lybster
KW,Orkney,Orkney
KW,Stromness,Stromness
KW,Thurso,Thurso
KW,Wick,Wick
KY,Anstruther,Anstruther
KY,Burntisland,Burntisland
KY,Cowdenbeath,Cowdenbeath
KY,Cupar,Cupar
KY,Dunfermline,Dunfermline
KY,Glenrothes,Glenrothes
KY,Inverkeithing,Inverkeithing
KY,Kelty,Kelty
KY,Kinross,Kinross
KY,Kirkcaldy,Kirkcaldy
KY,Leven,Leven
KY,Lochgelly,Lochgelly
KY,St. Andrews,St. Andrews
L,Bootle,Bootle
L,Liverpool,Liverpool
L,Ormskirk,Ormskirk
L,Prescot,Prescot
LA,Ambleside,Ambleside
LA,Askam-in-Furness,Askam-In-Furness
LA,Barrow-in-Furness,Barrow-In-Furness
LA,Broughton-in-Furness,Broughton-In-Furness
LA,Carnforth,Carnforth
LA,Coniston,Coniston
LA,Dalton-in-Furness,Dalton-In-Furness
LA,Grange-over-Sands,Grange-Over-Sands
LA,Kendal,Kendal
LA,Kirkby-in-Furness,Kirkby-In-Furness
LA,Lancaster,Lancaster
LA,Millom,Millom
LA,Milnthorpe,Milnthorpe
LA,Morecambe,Morecambe
LA,Sedbergh,Sedbergh
LA,Ulverston,Ulverston
LA,Windermere,Windermere
LD,Brecon,Brecon
LD,Builth Wells,Builth Wells
LD,Knighton,Knighton
LD,Llandrindod Wells,Llandrindod Wells
LD,Llangammarch Wells,Llangammarch Wells
LD,Llanwrtyd Wells,Llanwrtyd Wells
LD,Presteigne,Presteigne
LD,Rhayader,Rhayader
LE,Ashby-de-la-Zouch,Ashby-De-La-Zouch
LE,Coalville,Coalville
LE,Hinckley,Hinckley
LE,Ibstock,Ibstock
LE,Leicester,Leicester
LE,Loughborough,Loughborough
LE,Lutterworth,Lutterworth
LE,Market Harborough,Market Harborough
LE,Markfield,Markfield
LE,Melton Mowbray,Melton Mowbray
LE,Oakham,Oakham
LE,Wigston,Wigston
LL,Aberdyfi,Aberdyfi
LL,Abergele,Abergele
LL,Amlwch,Amlwch
LL,Arthog,Arthog
LL,Bala,Bala
LL,Bangor (Gwynedd),Bangor (LL)
LL,Barmouth,Barmouth
LL,Beaumaris,Beaumaris
LL,Betws-y-Coed,Betws-Y-Coed
LL,Blaenau Ffestiniog,Blaenau Ffestiniog
LL,Bodorgan,Bodorgan
LL,Brynteg,Brynteg
LL,Caernarfon,Caernarfon
LL,Cemaes Bay,Cemaes Bay
LL,Colwyn Bay,Colwyn Bay
LL,Conwy,Conwy
LL,Corwen,Corwen
LL,Criccieth,Criccieth
LL,Denbigh,Denbigh
LL,Dolgellau,Dolgellau
LL,Dolwyddelan,Dolwyddelan
LL,Dulas,Dulas
LL,Dyffryn Ardudwy,Dyffryn Ardudwy
LL,Fairbourne,Fairbourne
LL,Gaerwen,Gaerwen
LL,Garndolbenmaen,Garndolbenmaen
LL,Harlech,Harlech
LL,Holyhead,Holyhead
LL,Llanbedr,Llanbedr
LL,Llanbedrgoch,Llanbedrgoch
LL,Llandudno (Conwy),Llandudno (LL)
LL,Llandudno Junction (Conwy),Llandudno Junction (LL)
LL,Llanerchymedd,Llanerchymedd
LL,Llanfairfechan,Llanfairfechan
LL,Llanfairpwllgwyngyll,Llanfairpwllgwyngyll
LL,Llangefni,Llangefni
LL,Llangollen,Llangollen
LL,Llanrwst,Llanrwst
LL,Llwyngwril,Llwyngwril
LL,Marianglas,Marianglas
LL,Menai Bridge,Menai Bridge
LL,Moelfre,Moelfre
LL,Penmaenmawr,Penmaenmawr
LL,Penrhyndeudraeth,Penrhyndeudraeth
LL,Pentraeth,Pentraeth
LL,Penysarn,Penysarn
LL,Porthmadog,Porthmadog
LL,Prestatyn,Prestatyn
LL,Pwllheli,Pwllheli
LL,Rhosgoch,Rhosgoch
LL,Rhosneigr,Rhosneigr
LL,Rhyl,Rhyl
LL,Ruthin,Ruthin
LL,St. Asaph,St. Asaph
LL,Talsarnau,Talsarnau
LL,Talybont (Gwynedd),Talybont (LL)
LL,Trefriw,Trefriw
LL,Ty Croes,Ty Croes
LL,Tyn-y-Gongl,Tyn-Y-Gongl
LL,Tywyn,Tywyn
LL,Wrexham,Wrexham
LL,Y Felinheli,Y Felinheli
LN,Alford (Lincolnshire),Alford (LN)
LN,Horncastle,Horncastle
LN,Lincoln,Lincoln
LN,Louth,Louth
LN,Mablethorpe,Mablethorpe
LN,Market Rasen,Market Rasen
LN,Woodhall Spa,Woodhall Spa
LS,Ilkley,Ilkley
LS,Leeds,Leeds
LS,Otley,Otley
LS,Pudsey,Pudsey
LS,Tadcaster,Tadcaster
LS,Wetherby,Wetherby
LU,Dunstable,Dunstable
LU,Leighton Buzzard,Leighton Buzzard
LU,Luton,Luton
M,Manchester,Manchester
M,Sale,Sale
M,Salford,Salford
ME,Aylesford,Aylesford
ME,Chatham,Chatham
ME,Faversham,Faversham
ME,Gillingham (Kent),Gillingham (ME)
ME,Maidstone,Maidstone
ME,Queenborough,Queenborough
ME,Rochester,Rochester
ME,Sheerness,Sheerness
ME,Sittingbourne,Sittingbourne
ME,Snodland,Snodland
ME,West Malling,West Malling
MK,Bedford,Bedford
MK,Buckingham,Buckingham
MK,Milton Keynes,Milton Keynes
MK,Newport Pagnell (Buckinghamshire),Newport Pagnell (MK)
MK,Olney,Olney
ML,Airdrie,Airdrie
ML,Bellshill,Bellshill
ML,Biggar,Biggar
ML,Carluke,Carluke
ML,Coatbridge,Coatbridge
ML,Hamilton,Hamilton
ML,Lanark,Lanark
ML,Larkhall,Larkhall
ML,Motherwell,Motherwell
ML,Shotts,Shotts
ML,Strathaven,Strathaven
ML,Wishaw,Wishaw
N,London,London (N)
NE,Alnwick,Alnwick
NE,Ashington,Ashington
NE,Bamburgh,Bamburgh
NE,Bedlington,Bedlington
NE,Belford,Belford
NE,Blaydon-on-Tyne,Blaydon-On-Tyne
NE,Blyth,Blyth
NE,Boldon Colliery,Boldon Colliery
NE,Chathill,Chathill
NE,Choppington,Choppington
NE,Corbridge,Corbridge
NE,Cramlington,Cramlington
NE,East Boldon,East Boldon
NE,Gateshead,Gateshead
NE,Haltwhistle,Haltwhistle
NE,Hebburn,Hebburn
NE,Hexham,Hexham
NE,Jarrow,Jarrow
NE,Morpeth,Morpeth
NE,Newbiggin-by-the-Sea,Newbiggin-By-The-Sea
NE,Newcastle Upon Tyne (Tyne And Wear),Newcastle Upon Tyne (NE)
NE,North Shields,North Shields
NE,Prudhoe,Prudhoe
NE,Riding Mill,Riding Mill
NE,Rowlands Gill,Rowlands Gill
NE,Ryton,Ryton
NE,Seahouses,Seahouses
NE,South Shields,South Shields
NE,Stocksfield,Stocksfield
NE,Wallsend,Wallsend
NE,Washington,Washington
NE,Whitley Bay,Whitley Bay
NE,Wooler,Wooler
NE,Wylam,Wylam
NG,Grantham,Grantham
NG,Mansfield,Mansfield
NG,Newark,Newark
NG,Nottingham,Nottingham
NG,Sleaford,Sleaford
NG,Southwell,Southwell
NG,Sutton-in-Ashfield,Sutton-In-Ashfield
NN,Brackley,Brackley
NN,Corby,Corby
NN,Daventry,Daventry
NN,Kettering,Kettering
NN,Northampton,Northampton
NN,Rushden,Rushden
NN,Towcester,Towcester
NN,Wellingborough,Wellingborough
NP,Abergavenny,Abergavenny
NP,Abertillery,Abertillery
NP,Blackwood,Blackwood
NP,Caerleon,Caerleon
NP,Caldicot,Caldicot
NP,Chepstow,Chepstow
NP,Crickhowell,Crickhowell
NP,Cwmbran,Cwmbran
NP,Ebbw Vale,Ebbw Vale
NP,Monmouth,Monmouth
NP,New Tredegar,New Tredegar
NP,Newport (Monmouthshire),Newport (NP)
NP,Pontypool,Pontypool
NP,Tredegar,Tredegar
NP,Usk,Usk
NR,Attleborough,Attleborough
NR,Beccles,Beccles
NR,Bungay,Bungay
NR,Cromer,Cromer
NR,Dereham,Dereham
NR,Fakenham,Fakenham
NR,Great Yarmouth,Great Yarmouth
NR,Holt,Holt
NR,Lowestoft,Lowestoft
NR,Melton Constable,Melton Constable
NR,North Walsham,North Walsham
NR,Norwich,Norwich
NR,Sheringham,Sheringham
NR,Walsingham,Walsingham
NR,Wells-next-the-Sea,Wells-Next-The-Sea
NR,Wymondham,Wymondham
NW,London,London (NW)
OL,Ashton-under-Lyne,Ashton-Under-Lyne
OL,Bacup,Bacup
OL,Heywood,Heywood
OL,Littleborough,Littleborough
OL,Oldham,Oldham
OL,Rochdale,Rochdale
OL,Todmorden,Todmorden
OX,Abingdon,Abingdon
OX,Bampton,Bampton
OX,Banbury,Banbury
OX,Bicester,Bicester
OX,Burford,Burford
OX,Carterton,Carterton
OX,Chinnor,Chinnor
OX,Chipping Norton,Chipping Norton
OX,Didcot,Didcot
OX,Kidlington,Kidlington
OX,Oxford,Oxford
OX,Thame,Thame
OX,Wallingford,Wallingford
OX,Wantage,Wantage
OX,Watlington,Watlington
OX,Wheatley,Wheatley
OX,Witney,Witney
OX,Woodstock,Woodstock
PA,Appin,Appin
PA,Bishopton,Bishopton
PA,Bridge Of Orchy (Argyll),Bridge Of Orchy (PA)
PA,Bridge Of Weir (Renfrewshire),Bridge Of Weir (PA)
PA,Cairndow,Cairndow
PA,Campbeltown,Campbeltown
PA,Colintraive,Colintraive
PA,Dalmally,Dalmally
PA,Dunoon,Dunoon
PA,Erskine,Erskine
PA,Gourock,Gourock
PA,Greenock,Greenock
PA,Inveraray,Inveraray
PA,Isle of Bute,Isle Of Bute
PA,Isle of Coll,Isle Of Coll
PA,Isle of Colonsay,Isle Of Colonsay
PA,Isle of Gigha,Isle Of Gigha
PA,Isle of Iona,Isle Of Iona
PA,Isle of Islay,Isle Of Islay
PA,Isle of Jura,Isle Of Jura
PA,Isle of Mull,Isle Of Mull
PA,Isle of Tiree,Isle Of Tiree
PA,Johnstone,Johnstone
PA,Kilmacolm,Kilmacolm
PA,Lochgilphead,Lochgilphead
PA,Lochwinnoch,Lochwinnoch
PA,Oban,Oban
PA,Paisley,Paisley
PA,Port Glasgow,Port Glasgow
PA,Renfrew,Renfrew
PA,Skelmorlie,Skelmorlie
PA,Tarbert,Tarbert
PA,Taynuilt,Taynuilt
PA,Tighnabruaich,Tighnabruaich
PA,Wemyss Bay,Wemyss Bay
PE,Boston,Boston
PE,Bourne,Bourne
PE,Chatteris,Chatteris
PE,Downham Market,Downham Market
PE,Hunstanton,Hunstanton
PE,Huntingdon,Huntingdon
PE,King's Lynn,King's Lynn
PE,March,March
PE,Peterborough,Peterborough
PE,Sandringham,Sandringham
PE,Skegness,Skegness
PE,Spalding,Spalding
PE,Spilsby,Spilsby
PE,St. Ives (Huntingdonshire),St. Ives (PE)
PE,St. Neots,St. Neots
PE,Stamford,Stamford
PE,Swaffham,Swaffham
PE,Wisbech,Wisbech
PH,Aberfeldy,Aberfeldy
PH,Acharacle,Acharacle
PH,Arisaig,Arisaig
PH,Auchterarder,Auchterarder
PH,Aviemore,Aviemore
PH,Ballachulish,Ballachulish
PH,Blairgowrie,Blairgowrie
PH,Boat of Garten,Boat Of Garten
PH,Carrbridge,Carrbridge
PH,Corrour,Corrour
PH,Crieff,Crieff
PH,Dalwhinnie,Dalwhinnie
PH,Dunkeld,Dunkeld
PH,Fort Augustus,Fort Augustus
PH,Fort William,Fort William
PH,Glenfinnan,Glenfinnan
PH,Grantown-on-Spey,Grantown-On-Spey
PH,Invergarry,Invergarry
PH,Isle of Canna,Isle Of Canna
PH,Isle of Eigg,Isle Of Eigg
PH,Isle of Rum,Isle Of Rum
PH,Kingussie,Kingussie
PH,Kinlochleven,Kinlochleven
PH,Lochailort,Lochailort
PH,Mallaig,Mallaig
PH,Nethy Bridge,Nethy Bridge
PH,Newtonmore,Newtonmore
PH,Perth,Perth
PH,Pitlochry,Pitlochry
PH,Roy Bridge,Roy Bridge
PH,Spean Bridge,Spean Bridge
PL,Bodmin,Bodmin
PL,Boscastle,Boscastle
PL,Callington,Callington
PL,Calstock,Calstock
PL,Camelford,Camelford
PL,Delabole,Delabole
PL,Fowey,Fowey
PL,Gunnislake,Gunnislake
PL,Ivybridge,Ivybridge
PL,Launceston,Launceston
PL,Lifton,Lifton
PL,Liskeard,Liskeard
PL,Looe,Looe
PL,Lostwithiel,Lostwithiel
PL,Padstow,Padstow
PL,Par,Par
PL,Plymouth,Plymouth
PL,Port Isaac,Port Isaac
PL,Saltash,Saltash
PL,St. Austell,St. Austell
PL,Tavistock,Tavistock
PL,Tintagel,Tintagel
PL,Torpoint,Torpoint
PL,Wadebridge,Wadebridge
PL,Yelverton,Yelverton
PO,Bembridge,Bembridge
PO,Bognor Regis,Bognor Regis
PO,Chichester,Chichester
PO,Cowes,Cowes
PO,East Cowes,East Cowes
PO,Emsworth,Emsworth
PO,Fareham,Fareham
PO,Freshwater,Freshwater
PO,Gosport,Gosport
PO,Havant,Havant
PO,Hayling Island,Hayling Island
PO,Lee-on-the-Solent,Lee-On-The-Solent
PO,Newport (Isle Of Wight),Newport (PO)
PO,Portsmouth,Portsmouth
PO,Rowland's Castle,Rowland's Castle
PO,Ryde,Ryde
PO,Sandown,Sandown
PO,Seaview,Seaview
PO,Shanklin,Shanklin
PO,Southsea,Southsea
PO,Totland Bay,Totland Bay
PO,Ventnor,Ventnor
PO,Waterlooville,Waterlooville
PO,Yarmouth,Yarmouth
PR,Chorley,Chorley
PR,Leyland,Leyland
PR,Preston,Preston
PR,Southport,Southport
RG,Basingstoke,Basingstoke
RG,Bracknell,Bracknell
RG,Crowthorne,Crowthorne
RG,Henley-on-Thames,Henley-On-Thames
RG,Hook,Hook
RG,Hungerford,Hungerford
RG,Newbury,Newbury
RG,Reading,Reading
RG,Tadley,Tadley
RG,Thatcham,Thatcham
RG,Whitchurch (Hampshire),Whitchurch (RG)
RG,Wokingham,Wokingham
RH,Betchworth,Betchworth
RH,Billingshurst,Billingshurst
RH,Burgess Hill,Burgess Hill
RH,Crawley,Crawley
RH,Dorking,Dorking
RH,East Grinstead,East Grinstead
RH,Forest Row,Forest Row
RH,Gatwick,Gatwick
RH,Godstone,Godstone
RH,Haywards Heath,Haywards Heath
RH,Horley,Horley
RH,Horsham,Horsham
RH,Lingfield,Lingfield
RH,Oxted,Oxted
RH,Pulborough,Pulborough
RH,Redhill,Redhill
RH,Reigate,Reigate
RM,Dagenham,Dagenham
RM,Grays,Grays
RM,Hornchurch,Hornchurch
RM,Purfleet,Purfleet
RM,Rainham,Rainham
RM,Romford,Romford
RM,South Ockendon,South Ockendon
RM,Tilbury,Tilbury
RM,Upminster,Upminster
S,Barnsley,Barnsley
S,Chesterfield,Chesterfield
S,Dronfield,Dronfield
S,Hope Valley,Hope Valley
S,Mexborough,Mexborough
S,Rotherham,Rotherham
S,Sheffield,Sheffield
S,Worksop,Worksop
SA,Aberaeron,Aberaeron
SA,Ammanford,Ammanford
SA,Boncath,Boncath
SA,Burry Port,Burry Port
SA,Cardigan,Cardigan
SA,Carmarthen,Carmarthen
SA,Clarbeston Road,Clarbeston Road
SA,Clynderwen,Clynderwen
SA,Crymych,Crymych
SA,Ferryside,Ferryside
SA,Fishguard,Fishguard
SA,Glogue,Glogue
SA,Goodwick,Goodwick
SA,Haverfordwest,Haverfordwest
SA,Kidwelly,Kidwelly
SA,Kilgetty,Kilgetty
SA,Lampeter,Lampeter
SA,Llanarth,Llanarth
SA,Llandeilo,Llandeilo
SA,Llandovery,Llandovery
SA,Llandysul,Llandysul
SA,Llanelli,Llanelli
SA,Llanfyrnach,Llanfyrnach
SA,Llangadog,Llangadog
SA,Llanwrda,Llanwrda
SA,Llanybydder,Llanybydder
SA,Milford Haven,Milford Haven
SA,Narberth,Narberth
SA,Neath,Neath
SA,New Quay,New Quay
SA,Newcastle Emlyn (Carmarthenshire),Newcastle Emlyn (SA)
SA,Newport (Pembrokeshire),Newport (SA)
SA,Pembroke,Pembroke
SA,Pembroke Dock,Pembroke Dock
SA,Pencader,Pencader
SA,Port Talbot,Port Talbot
SA,Saundersfoot,Saundersfoot
SA,Swansea,Swansea
SA,Tenby,Tenby
SA,Whitland,Whitland
SE,London,London (SE)
SG,Arlesey,Arlesey
SG,Baldock,Baldock
SG,Biggleswade,Biggleswade
SG,Buntingford,Buntingford
SG,Henlow,Henlow
SG,Hertford,Hertford
SG,Hitchin,Hitchin
SG,Knebworth,Knebworth
SG,Letchworth Garden City,Letchworth Garden City
SG,Much Hadham,Much Hadham
SG,Royston,Royston
SG,Sandy,Sandy
SG,Shefford,Shefford
SG,Stevenage,Stevenage
SG,Ware,Ware
SK,Alderley Edge,Alderley Edge
SK,Buxton,Buxton
SK,Cheadle,Cheadle
SK,Dukinfield,Dukinfield
SK,Glossop,Glossop
SK,High Peak,High Peak
SK,Hyde,Hyde
SK,Macclesfield,Macclesfield
SK,Stalybridge,Stalybridge
SK,Stockport,Stockport
SK,Wilmslow,Wilmslow
SL,Ascot,Ascot
SL,Bourne End,Bourne End
SL,Gerrards Cross,Gerrards Cross
SL,Iver,Iver
SL,Maidenhead,Maidenhead
SL,Marlow,Marlow
SL,Slough,Slough
SL,Windsor,Windsor
SM,Banstead,Banstead
SM,Carshalton,Carshalton
SM,Morden,Morden
SM,Sutton,Sutton
SM,Wallington,Wallington
SN,Calne,Calne
SN,Chippenham,Chippenham
SN,Corsham,Corsham
SN,Devizes,Devizes
SN,Faringdon,Faringdon
SN,Malmesbury,Malmesbury
SN,Marlborough,Marlborough
SN,Melksham,Melksham
SN,Pewsey,Pewsey
SN,Swindon,Swindon
SO,Alresford,Alresford
SO,Brockenhurst,Brockenhurst
SO,Eastleigh,Eastleigh
SO,Lymington,Lymington
SO,Lyndhurst,Lyndhurst
SO,Romsey,Romsey
SO,Southampton,Southampton
SO,Stockbridge,Stockbridge
SO,Winchester,Winchester
SP,Andover,Andover
SP,Fordingbridge,Fordingbridge
SP,Gillingham (Dorset),Gillingham (SP)
SP,Salisbury,Salisbury
SP,Shaftesbury,Shaftesbury
SP,Tidworth,Tidworth
SR,Peterlee,Peterlee
SR,Seaham,Seaham
SR,Sunderland,Sunderland
SS,Basildon,Basildon
SS,Benfleet,Benfleet
SS,Canvey Island,Canvey Island
SS,Hockley,Hockley
SS,Leigh-on-Sea,Leigh-On-Sea
SS,Rayleigh,Rayleigh
SS,Rochford,Rochford
SS,Southend-on-Sea,Southend-On-Sea
SS,Stanford-le-Hope,Stanford-Le-Hope
SS,Westcliff-on-Sea,Westcliff-On-Sea
SS,Wickford,Wickford
ST,Leek,Leek
ST,Newcastle (Newcastle-Under-Lyme,Newcastle (ST)
ST,Stafford,Stafford
ST,Staffordshire),Staffordshire)
ST,Stoke-on-Trent,Stoke-On-Trent
ST,Stone,Stone
ST,Uttoxeter,Uttoxeter
SW,London,London (SW)
SY,Aberystwyth,Aberystwyth
SY,Bishops Castle,Bishops Castle
SY,Borth,Borth
SY,Bow Street,Bow Street
SY,Bucknell,Bucknell
SY,Caersws,Caersws
SY,Church Stretton,Church Stretton
SY,Craven Arms,Craven Arms
SY,Ellesmere (Shropshire),Ellesmere (SY)
SY,Llanbrynmair,Llanbrynmair
SY,Llandinam,Llandinam
SY,Llanfechain,Llanfechain
SY,Llanfyllin,Llanfyllin
SY,Llanidloes,Llanidloes
SY,Llanon,Llanon
SY,Llanrhystud,Llanrhystud
SY,Llansantffraid-ym-Mechain,Llansantffraid-Ym-Mechain
SY,Llanymynech,Llanymynech
SY,Ludlow,Ludlow
SY,Lydbury North,Lydbury North
SY,Machynlleth,Machynlleth
SY,Malpas,Malpas
SY,Meifod,Meifod
SY,Montgomery,Montgomery
SY,Newtown,Newtown
SY,Oswestry,Oswestry
SY,Shrewsbury,Shrewsbury
SY,Talybont (Ceredigion),Talybont (SY)
SY,Tregaron,Tregaron
SY,Welshpool,Welshpool
SY,Whitchurch (Shropshire),Whitchurch (SY)
SY,Ystrad Meurig,Ystrad Meurig
TA,Bridgwater,Bridgwater
TA,Burnham-On-Sea (Somerset),Burnham-On-Sea (TA)
TA,Chard,Chard
TA,Crewkerne,Crewkerne
TA,Dulverton,Dulverton
TA,Highbridge,Highbridge
TA,Hinton St. George,Hinton St. George
TA,Ilminster,Ilminster
TA,Langport,Langport
TA,Martock,Martock
TA,Merriott,Merriott
TA,Minehead,Minehead
TA,Montacute,Montacute
TA,Somerton,Somerton
TA,South Petherton,South Petherton
TA,Stoke-sub-Hamdon,Stoke-Sub-Hamdon
TA,Taunton,Taunton
TA,Watchet,Watchet
TA,Wellington,Wellington
TD,Berwick-upon-Tweed,Berwick-Upon-Tweed
TD,Cockburnspath,Cockburnspath
TD,Coldstream,Coldstream
TD,Cornhill-on-Tweed,Cornhill-On-Tweed
TD,Duns,Duns
TD,Earlston,Earlston
TD,Eyemouth,Eyemouth
TD,Galashiels,Galashiels
TD,Gordon,Gordon
TD,Hawick,Hawick
TD,Jedburgh,Jedburgh
TD,Kelso,Kelso
TD,Lauder,Lauder
TD,Melrose,Melrose
TD,Mindrum,Mindrum
TD,Newcastleton (Roxburghshire),Newcastleton (TD)
TD,Selkirk,Selkirk
TF,Broseley,Broseley
TF,Market Drayton,Market Drayton
TF,Much Wenlock,Much Wenlock
TF,Newport (Shropshire),Newport (TF)
TF,Shifnal,Shifnal
TF,Telford,Telford
TN,Ashford (Kent),Ashford (TN)
TN,Battle,Battle
TN,Bexhill-on-Sea,Bexhill-On-Sea
TN,Cranbrook,Cranbrook
TN,Crowborough,Crowborough
TN,Edenbridge,Edenbridge
TN,Etchingham,Etchingham
TN,Hartfield,Hartfield
TN,Hastings,Hastings
TN,Heathfield,Heathfield
TN,Mayfield,Mayfield
TN,New Romney,New Romney
TN,Robertsbridge,Robertsbridge
TN,Romney Marsh,Romney Marsh
TN,Rye,Rye
TN,Sevenoaks,Sevenoaks
TN,St. Leonards-on-Sea,St. Leonards-On-Sea
TN,Tenterden,Tenterden
TN,Tonbridge,Tonbridge
TN,Tunbridge Wells,Tunbridge Wells
TN,Uckfield,Uckfield
TN,Wadhurst,Wadhurst
TN,Westerham,Westerham
TN,Winchelsea,Winchelsea
TQ,Brixham,Brixham
TQ,Buckfastleigh,Buckfastleigh
TQ,Dartmouth,Dartmouth
TQ,Kingsbridge,Kingsbridge
TQ,Newton Abbot,Newton Abbot
TQ,Paignton,Paignton
TQ,Salcombe,Salcombe
TQ,South Brent,South Brent
TQ,Teignmouth,Teignmouth
TQ,Torquay,Torquay
TQ,Totnes,Totnes
TR,Camborne,Camborne
TR,Falmouth,Falmouth
TR,Hayle,Hayle
TR,Helston,Helston
TR,Isles of Scilly,Isles Of Scilly
TR,Marazion,Marazion
TR,Newquay,Newquay
TR,Penryn,Penryn
TR,Penzance,Penzance
TR,Perranporth,Perranporth
TR,Redruth,Redruth
TR,St. Agnes,St. Agnes
TR,St. Columb,St. Columb
TR,St. Ives (Cornwall),St. Ives (TR)
TR,Truro,Truro
TS,Billingham,Billingham
TS,Guisborough,Guisborough
TS,Hartlepool,Hartlepool
TS,Middlesbrough,Middlesbrough
TS,Redcar,Redcar
TS,Saltburn-by-the-Sea,Saltburn-By-The-Sea
TS,Stockton-on-Tees,Stockton-On-Tees
TS,Trimdon Station,Trimdon Station
TS,Wingate,Wingate
TS,Yarm,Yarm
TW,Ashford (Surrey),Ashford (TW)
TW,Brentford,Brentford
TW,Egham,Egham
TW,Feltham,Feltham
TW,Hampton,Hampton
TW,Hounslow,Hounslow
TW,Isleworth,Isleworth
TW,Richmond (Greater London),Richmond (TW)
TW,Shepperton,Shepperton
TW,Staines-upon-Thames,Staines-Upon-Thames
TW,Sunbury-on-Thames,Sunbury-On-Thames
TW,Teddington,Teddington
TW,Twickenham,Twickenham
UB,Greenford,Greenford
UB,Hayes,Hayes
UB,Northolt,Northolt
UB,Southall,Southall
UB,Uxbridge,Uxbridge
UB,West Drayton,West Drayton
W,London,London (W)
WA,Altrincham,Altrincham
WA,Frodsham,Frodsham
WA,Knutsford,Knutsford
WA,Lymm,Lymm
WA,Newton-le-Willows,Newton-Le-Willows
WA,Runcorn,Runcorn
WA,St. Helens,St. Helens
WA,Warrington,Warrington
WA,Widnes,Widnes
WC,London,London (WC)
WD,Abbots Langley,Abbots Langley
WD,Borehamwood,Borehamwood
WD,Bushey,Bushey
WD,Kings Langley,Kings Langley
WD,Radlett,Radlett
WD,Rickmansworth,Rickmansworth
WD,Watford,Watford
WF,Batley,Batley
WF,Castleford,Castleford
WF,Dewsbury,Dewsbury
WF,Heckmondwike,Heckmondwike
WF,Knottingley,Knottingley
WF,Liversedge,Liversedge
WF,Mirfield,Mirfield
WF,Normanton,Normanton
WF,Ossett,Ossett
WF,Pontefract,Pontefract
WF,Wakefield,Wakefield
WN,Leigh,Leigh
WN,Skelmersdale,Skelmersdale
WN,Wigan,Wigan
WR,Broadway,Broadway
WR,Droitwich,Droitwich
WR,Evesham,Evesham
WR,Malvern,Malvern
WR,Pershore,Pershore
WR,Tenbury Wells,Tenbury Wells
WR,Worcester (Worcestershire),Worcester (WR)
WS,Burntwood,Burntwood
WS,Cannock,Cannock
WS,Lichfield,Lichfield
WS,Rugeley,Rugeley
WS,Walsall,Walsall
WS,Wednesbury,Wednesbury
WV,Bilston,Bilston
WV,Bridgnorth,Bridgnorth
WV,Willenhall,Willenhall
WV,Wolverhampton,Wolverhampton
YO,Bridlington,Bridlington
YO,Driffield,Driffield
YO,Filey,Filey
YO,Malton,Malton
YO,Pickering,Pickering
YO,Scarborough,Scarborough
YO,Selby,Selby
YO,Thirsk,Thirsk
YO,Whitby,Whitby
YO,York,York
ZE,Shetland,Shetland
