PCTj,PCTn
Aberystwyth + Llanrhystud + Llanon,Aberystwyth
Aberystwyth + Llanrhystud + Llanon,Llanrhystud
Aberystwyth + Llanrhystud + Llanon,Llanon
Arrochar + Alexandria,Arrochar
Arrochar + Alexandria,Alexandria
Belfast Crumlin,Belfast
Belfast Crumlin,Crumlin
Bromley South + Keston,Bromley
Bromley South + Keston,Keston
Buckley + Mold,Buckley
Buckley + Mold,Mold
Carterton + Bampton + Burford,Carterton
Carterton + Bampton + Burford,Bampton
Carterton + Bampton + Burford,Burford
Caterham + Whyteleafe,Caterham
Caterham + Whyteleafe,Whyteleafe
Cirencester + Fairford + Lechlade,Cirencester
Cirencester + Fairford + Lechlade,Fairford
Cirencester + Fairford + Lechlade,Lechlade
Clackmannan + Alloa,Clackmannan
Clackmannan + Alloa,Alloa
Coalville + Ibstock + Markfield,Coalville
Coalville + Ibstock + Markfield,Ibstock
Coalville + Ibstock + Markfield,Markfield
Coldstream + Mindrum + Cornhill-On-Tweed,Coldstream
Coldstream + Mindrum + Cornhill-On-Tweed,Mindrum
Coldstream + Mindrum + Cornhill-On-Tweed,Cornhill-On-Tweed
Coventry South East + Kenilworth,Coventry
Coventry South East + Kenilworth,Kenilworth
Cowdenbeath + Kelty,Cowdenbeath
Cowdenbeath + Kelty,Kelty
Craven Arms + Lydbury North + Bucknell,Craven Arms
Craven Arms + Lydbury North + Bucknell,Lydbury North
Craven Arms + Lydbury North + Bucknell,Bucknell
Currie + Juniper Green + Balerno,Currie
Currie + Juniper Green + Balerno,Juniper Green
Currie + Juniper Green + Balerno,Balerno
Diss East + Eye East,Diss
Diss East + Eye East,Eye
Drybrook + Mitcheldean + Lydbrook + Ruardean + Longhope,Drybrook
Drybrook + Mitcheldean + Lydbrook + Ruardean + Longhope,Mitcheldean
Drybrook + Mitcheldean + Lydbrook + Ruardean + Longhope,Lydbrook
Drybrook + Mitcheldean + Lydbrook + Ruardean + Longhope,Ruardean
Drybrook + Mitcheldean + Lydbrook + Ruardean + Longhope,Longhope
Dunfermline + Inverkeithing,Dunfermline
Dunfermline + Inverkeithing,Inverkeithing
Flint + Bagillt,Flint
Flint + Bagillt,Bagillt
Forfar + Kirriemuir,Forfar
Forfar + Kirriemuir,Kirriemuir
Gunnislake + Calstock,Gunnislake
Gunnislake + Calstock,Calstock
Havant + Rowland's Castle,Havant
Havant + Rowland's Castle,Rowland's Castle
Hawick + Newcastleton,Hawick
Hawick + Newcastleton,Newcastleton
Lydney + Blakeney,Lydney
Lydney + Blakeney,Blakeney
Ilfracombe + Woolacombe,Ilfracombe
Ilfracombe + Woolacombe,Woolacombe
Kenley + Purley,Kenley
Kenley + Purley,Purley
Kidwelly + Ferryside,Kidwelly
Kidwelly + Ferryside,Ferryside
Leyburn + Bedale + Hawes,Leyburn
Leyburn + Bedale + Hawes,Bedale
Leyburn + Bedale + Hawes,Hawes
Llandeilo + Llangadog + Llanwrda,Llandeilo
Llandeilo + Llangadog + Llanwrda,Llangadog
Llandeilo + Llangadog + Llanwrda,Llanwrda
Llandinam + Caersws,Llandinam
Llandinam + Caersws,Caersws
Llanfyllin + Llanfechain + Llanymynech + Meifod + Llansantffraid,Llanfyllin
Llanfyllin + Llanfechain + Llanymynech + Meifod + Llansantffraid,Llanfechain
Llanfyllin + Llanfechain + Llanymynech + Meifod + Llansantffraid,Llanymynech
Llanfyllin + Llanfechain + Llanymynech + Meifod + Llansantffraid,Meifod
Llanfyllin + Llanfechain + Llanymynech + Meifod + Llansantffraid,Llansantffraid
Lynton + Lynmouth,Lynton
Lynton + Lynmouth,Lynmouth
Newent + Dymock,Newent
Newent + Dymock,Dymock
Newport-On-Tay + Tayport,Newport-On-Tay
Newport-On-Tay + Tayport,Tayport
Okehampton + North Tawton,Okehampton
Okehampton + North Tawton,North Tawton
Penarth + Dinas Powys,Penarth
Penarth + Dinas Powys,Dinas Powys
Prestonpans + Longniddry,Prestonpans
Prestonpans + Longniddry,Longniddry
Skelmersdale + Wigan North West,Skelmersdale
Skelmersdale + Wigan North West,Wigan North West
Southminster + Burnham-On-Crouch,Southminster
Southminster + Burnham-On-Crouch,Burnham-On-Crouch
Talybont (SY) + Borth + Bow Street,Talybont (SY)
Talybont (SY) + Borth + Bow Street,Borth
Talybont (SY) + Borth + Bow Street,Bow Street
Tregaron + Ystrad Meurig,Tregaron
Tregaron + Ystrad Meurig,Ystrad Meurig
Westbury-On-Severn + Cinderford + Newnham,Westbury-On-Severn
Westbury-On-Severn + Cinderford + Newnham,Cinderford
Westbury-On-Severn + Cinderford + Newnham,Newnham
Wilmslow + Alderley Edge,Wilmslow
Wilmslow + Alderley Edge,Alderley Edge
